timestamp,initialpose_x,initialpose_y,initialpose_z,initialpose_qx,initialpose_qy,initialpose_qz,initialpose_qw,amcl_pose_x,amcl_pose_y,amcl_pose_z,amcl_pose_qx,amcl_pose_qy,amcl_pose_qz,amcl_pose_qw,odom_x,odom_y,odom_vx,odom_vy,odom_angular_z,cmd_vel_vx,cmd_vel_vy,cmd_vel_angular_z,goal_x,goal_y,goal_z,goal_qx,goal_qy,goal_qz,goal_qw
2025-08-22 14:43:44.400,-1.17,0.06,0.0,0.0,0.0,0.1088,0.994,3.811973856040704,-3.0361163909630724,0.0,0.0,0.0,-0.4409558688620043,0.8975287860097607,3.7429678467588827,-3.2037075730471334,0.0,0.0,0.0,,,,0.0,0.0,0.0,0.0,0.0,0.0,1.0
2025-08-22 14:43:44.500,-1.17,0.06,0.0,0.0,0.0,0.1088,0.994,3.811973856040704,-3.0361163909630724,0.0,0.0,0.0,-0.4409558688620043,0.8975287860097607,3.7429678467588827,-3.2037075730471334,0.0,0.0,0.0,,,,0.0,0.0,0.0,0.0,0.0,0.0,1.0
2025-08-22 14:43:44.600,-1.17,0.06,0.0,0.0,0.0,0.1088,0.994,,,,,,,,3.7429678467588827,-3.2037075730471334,0.0,0.0,0.0,,,,0.0,0.0,0.0,0.0,0.0,0.0,1.0
2025-08-22 14:43:44.700,-1.17,0.06,0.0,0.0,0.0,0.1088,0.994,,,,,,,,3.7429678467588827,-3.2037075730471334,0.0,0.0,0.0,,,,0.0,0.0,0.0,0.0,0.0,0.0,1.0
2025-08-22 14:43:44.800,-1.17,0.06,0.0,0.0,0.0,0.1088,0.994,,,,,,,,3.7429678467588827,-3.2037075730471334,0.0,0.0,0.0,,,,0.0,0.0,0.0,0.0,0.0,0.0,1.0
2025-08-22 14:43:44.900,-1.17,0.06,0.0,0.0,0.0,0.1088,0.994,,,,,,,,3.7429678467588827,-3.2037075730471334,0.0,0.0,0.0,,,,0.0,0.0,0.0,0.0,0.0,0.0,1.0
2025-08-22 14:43:45.000,-1.17,0.06,0.0,0.0,0.0,0.1088,0.994,,,,,,,,3.7429678467588827,-3.2037075730471334,0.0,0.0,0.0,,,,0.0,0.0,0.0,0.0,0.0,0.0,1.0
2025-08-22 14:43:45.100,-1.17,0.06,0.0,0.0,0.0,0.1088,0.994,,,,,,,,3.7429678467588827,-3.2037075730471334,0.0,0.0,0.0,,,,0.0,0.0,0.0,0.0,0.0,0.0,1.0
2025-08-22 14:43:45.200,-1.17,0.06,0.0,0.0,0.0,0.1088,0.994,,,,,,,,3.7429678467588827,-3.2037075730471334,0.0,0.0,0.0,,,,0.0,0.0,0.0,0.0,0.0,0.0,1.0
2025-08-22 14:43:45.300,-1.17,0.06,0.0,0.0,0.0,0.1088,0.994,,,,,,,,3.7429678467588827,-3.2037075730471334,0.0,0.0,0.0,,,,0.0,0.0,0.0,0.0,0.0,0.0,1.0
2025-08-22 14:43:45.400,-1.17,0.06,0.0,0.0,0.0,0.1088,0.994,,,,,,,,3.7429678467588827,-3.2037075730471334,0.0,0.0,0.0,,,,0.0,0.0,0.0,0.0,0.0,0.0,1.0
2025-08-22 14:43:45.500,-1.17,0.06,0.0,0.0,0.0,0.1088,0.994,,,,,,,,3.7429678467588827,-3.2037075730471334,0.0,0.0,0.0,,,,0.0,0.0,0.0,0.0,0.0,0.0,1.0
2025-08-22 14:43:45.600,-1.17,0.06,0.0,0.0,0.0,0.1088,0.994,,,,,,,,3.7429678467588827,-3.2037075730471334,0.0,0.0,0.0,,,,0.0,0.0,0.0,0.0,0.0,0.0,1.0
2025-08-22 14:43:45.700,-1.17,0.06,0.0,0.0,0.0,0.1088,0.994,,,,,,,,3.7429678467588827,-3.2037075730471334,0.0,0.0,0.0,,,,0.0,0.0,0.0,0.0,0.0,0.0,1.0
2025-08-22 14:43:45.800,-1.17,0.06,0.0,0.0,0.0,0.1088,0.994,,,,,,,,3.7429678467588827,-3.2037075730471334,0.0,0.0,0.0,,,,0.0,0.0,0.0,0.0,0.0,0.0,1.0
2025-08-22 14:43:45.900,-1.17,0.06,0.0,0.0,0.0,0.1088,0.994,,,,,,,,3.7429678467588827,-3.2037075730471334,0.0,0.0,0.0,,,,0.0,0.0,0.0,0.0,0.0,0.0,1.0
2025-08-22 14:43:46.000,-1.17,0.06,0.0,0.0,0.0,0.1088,0.994,,,,,,,,3.7429678467588827,-3.2037075730471334,0.0,0.0,0.0,,,,0.0,0.0,0.0,0.0,0.0,0.0,1.0
2025-08-22 14:43:46.100,-1.17,0.06,0.0,0.0,0.0,0.1088,0.994,,,,,,,,3.7429678467588827,-3.2037075730471334,0.0,0.0,0.0,,,,0.0,0.0,0.0,0.0,0.0,0.0,1.0
2025-08-22 14:43:46.200,-1.17,0.06,0.0,0.0,0.0,0.1088,0.994,,,,,,,,3.7429678467588827,-3.2037075730471334,0.0,0.0,0.0,,,,0.0,0.0,0.0,0.0,0.0,0.0,1.0
2025-08-22 14:43:46.300,-1.17,0.06,0.0,0.0,0.0,0.1088,0.994,,,,,,,,3.7429678467588827,-3.2037075730471334,0.0,0.0,0.0,,,,0.0,0.0,0.0,0.0,0.0,0.0,1.0
2025-08-22 14:43:46.400,-1.17,0.06,0.0,0.0,0.0,0.1088,0.994,,,,,,,,3.7429678467588827,-3.2037075730471334,0.0,0.0,0.0,,,,0.0,0.0,0.0,0.0,0.0,0.0,1.0
2025-08-22 14:43:46.500,-1.17,0.06,0.0,0.0,0.0,0.1088,0.994,,,,,,,,3.7429678467588827,-3.2037075730471334,0.0,0.0,0.0,,,,0.0,0.0,0.0,0.0,0.0,0.0,1.0
2025-08-22 14:43:46.600,-1.17,0.06,0.0,0.0,0.0,0.1088,0.994,,,,,,,,3.7429678467588827,-3.2037075730471334,0.0,0.0,0.0,,,,0.0,0.0,0.0,0.0,0.0,0.0,1.0
2025-08-22 14:43:46.700,-1.17,0.06,0.0,0.0,0.0,0.1088,0.994,,,,,,,,3.7429678467588827,-3.2037075730471334,0.0,0.0,0.0,,,,0.0,0.0,0.0,0.0,0.0,0.0,1.0
2025-08-22 14:43:46.800,-1.17,0.06,0.0,0.0,0.0,0.1088,0.994,,,,,,,,3.7429678467588827,-3.2037075730471334,0.0,0.0,0.0,,,,0.0,0.0,0.0,0.0,0.0,0.0,1.0
2025-08-22 14:43:46.900,-1.17,0.06,0.0,0.0,0.0,0.1088,0.994,,,,,,,,3.7429678467588827,-3.2037075730471334,0.0,0.0,0.0,,,,0.0,0.0,0.0,0.0,0.0,0.0,1.0
2025-08-22 14:43:47.000,-1.17,0.06,0.0,0.0,0.0,0.1088,0.994,,,,,,,,3.7429678467588827,-3.2037075730471334,0.0,0.0,0.0,,,,0.0,0.0,0.0,0.0,0.0,0.0,1.0
2025-08-22 14:43:47.100,-1.17,0.06,0.0,0.0,0.0,0.1088,0.994,,,,,,,,3.7429678467588827,-3.2037075730471334,0.0,0.0,0.0,,,,0.0,0.0,0.0,0.0,0.0,0.0,1.0
2025-08-22 14:43:47.200,-1.17,0.06,0.0,0.0,0.0,0.1088,0.994,,,,,,,,3.7429678467588827,-3.2037075730471334,0.0,0.0,0.0,,,,0.0,0.0,0.0,0.0,0.0,0.0,1.0
2025-08-22 14:43:47.300,-1.17,0.06,0.0,0.0,0.0,0.1088,0.994,,,,,,,,3.7429678467588827,-3.2037075730471334,0.0,0.0,0.0,,,,0.0,0.0,0.0,0.0,0.0,0.0,1.0
2025-08-22 14:43:47.400,-1.17,0.06,0.0,0.0,0.0,0.1088,0.994,,,,,,,,3.7429678467588827,-3.2037075730471334,0.0,0.0,0.0,,,,0.0,0.0,0.0,0.0,0.0,0.0,1.0
2025-08-22 14:43:47.500,-1.17,0.06,0.0,0.0,0.0,0.1088,0.994,,,,,,,,3.7429678467588827,-3.2037075730471334,0.0,0.0,0.0,,,,0.0,0.0,0.0,0.0,0.0,0.0,1.0
2025-08-22 14:43:47.600,-1.17,0.06,0.0,0.0,0.0,0.1088,0.994,,,,,,,,3.7429678467588827,-3.2037075730471334,0.0,0.0,0.0,,,,0.0,0.0,0.0,0.0,0.0,0.0,1.0
2025-08-22 14:43:47.700,-1.17,0.06,0.0,0.0,0.0,0.1088,0.994,,,,,,,,3.7429678467588827,-3.2037075730471334,0.0,0.0,0.0,,,,0.0,0.0,0.0,0.0,0.0,0.0,1.0
2025-08-22 14:43:47.800,-1.17,0.06,0.0,0.0,0.0,0.1088,0.994,,,,,,,,3.7429678467588827,-3.2037075730471334,0.0,0.0,0.0,,,,0.0,0.0,0.0,0.0,0.0,0.0,1.0
2025-08-22 14:43:47.900,-1.17,0.06,0.0,0.0,0.0,0.1088,0.994,,,,,,,,3.7429678467588827,-3.2037075730471334,0.0,0.0,0.0,,,,0.0,0.0,0.0,0.0,0.0,0.0,1.0
2025-08-22 14:43:48.000,-1.17,0.06,0.0,0.0,0.0,0.1088,0.994,,,,,,,,3.7429678467588827,-3.2037075730471334,0.0,0.0,0.0,,,,0.0,0.0,0.0,0.0,0.0,0.0,1.0
2025-08-22 14:43:48.100,-1.17,0.06,0.0,0.0,0.0,0.1088,0.994,,,,,,,,3.7429678467588827,-3.2037075730471334,0.0,0.0,0.0,,,,0.0,0.0,0.0,0.0,0.0,0.0,1.0
2025-08-22 14:43:48.200,-1.17,0.06,0.0,0.0,0.0,0.1088,0.994,,,,,,,,3.7429678467588827,-3.2037075730471334,0.0,0.0,0.0,,,,0.0,0.0,0.0,0.0,0.0,0.0,1.0
2025-08-22 14:43:48.300,-1.17,0.06,0.0,0.0,0.0,0.1088,0.994,,,,,,,,3.7429678467588827,-3.2037075730471334,0.0,0.0,0.0,,,,0.0,0.0,0.0,0.0,0.0,0.0,1.0
2025-08-22 14:43:48.400,-1.17,0.06,0.0,0.0,0.0,0.1088,0.994,,,,,,,,3.7429678467588827,-3.2037075730471334,0.0,0.0,0.0,,,,0.0,0.0,0.0,0.0,0.0,0.0,1.0
2025-08-22 14:43:48.500,-1.17,0.06,0.0,0.0,0.0,0.1088,0.994,,,,,,,,3.7429678467588827,-3.2037075730471334,0.0,0.0,0.0,,,,0.0,0.0,0.0,0.0,0.0,0.0,1.0
2025-08-22 14:43:48.600,-1.17,0.06,0.0,0.0,0.0,0.1088,0.994,,,,,,,,3.7429678467588827,-3.2037075730471334,0.0,0.0,0.0,,,,0.0,0.0,0.0,0.0,0.0,0.0,1.0
2025-08-22 14:43:48.700,-1.17,0.06,0.0,0.0,0.0,0.1088,0.994,,,,,,,,3.7429678467588827,-3.2037075730471334,0.0,0.0,0.0,,,,0.0,0.0,0.0,0.0,0.0,0.0,1.0
2025-08-22 14:43:48.800,-1.17,0.06,0.0,0.0,0.0,0.1088,0.994,,,,,,,,3.7429678467588827,-3.2037075730471334,0.0,0.0,0.0,,,,0.0,0.0,0.0,0.0,0.0,0.0,1.0
2025-08-22 14:43:48.900,-1.17,0.06,0.0,0.0,0.0,0.1088,0.994,,,,,,,,3.7429678467588827,-3.2037075730471334,0.0,0.0,0.0,,,,0.0,0.0,0.0,0.0,0.0,0.0,1.0
2025-08-22 14:43:49.000,-1.17,0.06,0.0,0.0,0.0,0.1088,0.994,,,,,,,,3.7429678467588827,-3.2037075730471334,0.0,0.0,0.0,,,,0.0,0.0,0.0,0.0,0.0,0.0,1.0
2025-08-22 14:43:49.100,-1.17,0.06,0.0,0.0,0.0,0.1088,0.994,,,,,,,,3.7429678467588827,-3.2037075730471334,0.0,0.0,0.0,,,,0.0,0.0,0.0,0.0,0.0,0.0,1.0
2025-08-22 14:43:49.200,-1.17,0.06,0.0,0.0,0.0,0.1088,0.994,,,,,,,,3.7429678467588827,-3.2037075730471334,0.0,0.0,0.0,,,,0.0,0.0,0.0,0.0,0.0,0.0,1.0
2025-08-22 14:43:49.300,-1.17,0.06,0.0,0.0,0.0,0.1088,0.994,,,,,,,,3.7429678467588827,-3.2037075730471334,0.0,0.0,0.0,,,,0.0,0.0,0.0,0.0,0.0,0.0,1.0
2025-08-22 14:43:49.400,-1.17,0.06,0.0,0.0,0.0,0.1088,0.994,,,,,,,,3.7429678467588827,-3.2037075730471334,0.0,0.0,0.0,,,,0.0,0.0,0.0,0.0,0.0,0.0,1.0
2025-08-22 14:43:49.500,-1.17,0.06,0.0,0.0,0.0,0.1088,0.994,,,,,,,,3.7429678467588827,-3.2037075730471334,0.0,0.0,0.0,,,,0.0,0.0,0.0,0.0,0.0,0.0,1.0
2025-08-22 14:43:49.600,-1.17,0.06,0.0,0.0,0.0,0.1088,0.994,,,,,,,,3.7429678467588827,-3.2037075730471334,0.0,0.0,0.0,,,,0.0,0.0,0.0,0.0,0.0,0.0,1.0
2025-08-22 14:43:49.700,-1.17,0.06,0.0,0.0,0.0,0.1088,0.994,,,,,,,,3.7429678467588827,-3.2037075730471334,0.0,0.0,0.0,,,,0.0,0.0,0.0,0.0,0.0,0.0,1.0
2025-08-22 14:43:49.800,-1.17,0.06,0.0,0.0,0.0,0.1088,0.994,,,,,,,,3.7429678467588827,-3.2037075730471334,0.0,0.0,0.0,,,,0.0,0.0,0.0,0.0,0.0,0.0,1.0
2025-08-22 14:43:49.900,-1.17,0.06,0.0,0.0,0.0,0.1088,0.994,,,,,,,,3.7429678467588827,-3.2037075730471334,0.0,0.0,0.0,,,,0.0,0.0,0.0,0.0,0.0,0.0,1.0
2025-08-22 14:43:50.000,-1.17,0.06,0.0,0.0,0.0,0.1088,0.994,,,,,,,,3.7429678467588827,-3.2037075730471334,0.0,0.0,0.0,,,,0.0,0.0,0.0,0.0,0.0,0.0,1.0
2025-08-22 14:43:50.100,-1.17,0.06,0.0,0.0,0.0,0.1088,0.994,,,,,,,,3.7429678467588827,-3.2037075730471334,0.0,0.0,0.0,,,,0.0,0.0,0.0,0.0,0.0,0.0,1.0
2025-08-22 14:43:50.200,-1.17,0.06,0.0,0.0,0.0,0.1088,0.994,,,,,,,,3.7429678467588827,-3.2037075730471334,0.0,0.0,0.0,,,,0.0,0.0,0.0,0.0,0.0,0.0,1.0
2025-08-22 14:43:50.300,-1.17,0.06,0.0,0.0,0.0,0.1088,0.994,,,,,,,,3.7429678467588827,-3.2037075730471334,0.0,0.0,0.0,,,,0.0,0.0,0.0,0.0,0.0,0.0,1.0
2025-08-22 14:43:50.400,-1.17,0.06,0.0,0.0,0.0,0.1088,0.994,,,,,,,,3.7429678467588827,-3.2037075730471334,0.0,0.0,0.0,,,,0.0,0.0,0.0,0.0,0.0,0.0,1.0
2025-08-22 14:43:50.500,-1.17,0.06,0.0,0.0,0.0,0.1088,0.994,,,,,,,,3.7429678467588827,-3.2037075730471334,0.0,0.0,0.0,,,,0.0,0.0,0.0,0.0,0.0,0.0,1.0
2025-08-22 14:43:50.600,-1.17,0.06,0.0,0.0,0.0,0.1088,0.994,,,,,,,,3.7429678467588827,-3.2037075730471334,0.0,0.0,0.0,,,,0.0,0.0,0.0,0.0,0.0,0.0,1.0
2025-08-22 14:43:50.700,-1.17,0.06,0.0,0.0,0.0,0.1088,0.994,,,,,,,,3.7429678467588827,-3.2037075730471334,0.0,0.0,0.0,,,,0.0,0.0,0.0,0.0,0.0,0.0,1.0
2025-08-22 14:43:50.800,-1.17,0.06,0.0,0.0,0.0,0.1088,0.994,,,,,,,,3.7429678467588827,-3.2037075730471334,0.0,0.0,0.0,,,,0.0,0.0,0.0,0.0,0.0,0.0,1.0
2025-08-22 14:43:50.900,-1.17,0.06,0.0,0.0,0.0,0.1088,0.994,,,,,,,,3.7429678467588827,-3.2037075730471334,0.0,0.0,0.0,,,,0.0,0.0,0.0,0.0,0.0,0.0,1.0
2025-08-22 14:43:51.000,-1.17,0.06,0.0,0.0,0.0,0.1088,0.994,,,,,,,,3.7429678467588827,-3.2037075730471334,0.0,0.0,0.0,,,,0.0,0.0,0.0,0.0,0.0,0.0,1.0
2025-08-22 14:43:51.100,-1.17,0.06,0.0,0.0,0.0,0.1088,0.994,,,,,,,,3.7429678467588827,-3.2037075730471334,0.0,0.0,0.0,,,,0.0,0.0,0.0,0.0,0.0,0.0,1.0
2025-08-22 14:43:51.200,-1.17,0.06,0.0,0.0,0.0,0.1088,0.994,,,,,,,,3.7429678467588827,-3.2037075730471334,0.0,0.0,0.0,,,,0.0,0.0,0.0,0.0,0.0,0.0,1.0
2025-08-22 14:43:51.300,-1.17,0.06,0.0,0.0,0.0,0.1088,0.994,,,,,,,,3.7429678467588827,-3.2037075730471334,0.0,0.0,0.0,,,,0.0,0.0,0.0,0.0,0.0,0.0,1.0
2025-08-22 14:43:51.400,-1.17,0.06,0.0,0.0,0.0,0.1088,0.994,,,,,,,,3.7429678467588827,-3.2037075730471334,0.0,0.0,0.0,,,,0.0,0.0,0.0,0.0,0.0,0.0,1.0
2025-08-22 14:43:51.500,-1.17,0.06,0.0,0.0,0.0,0.1088,0.994,,,,,,,,3.7429678467588827,-3.2037075730471334,0.0,0.0,0.0,,,,0.0,0.0,0.0,0.0,0.0,0.0,1.0
2025-08-22 14:43:51.600,-1.17,0.06,0.0,0.0,0.0,0.1088,0.994,,,,,,,,3.7429678467588827,-3.2037075730471334,0.0,0.0,0.0,,,,0.0,0.0,0.0,0.0,0.0,0.0,1.0
2025-08-22 14:43:51.700,-1.17,0.06,0.0,0.0,0.0,0.1088,0.994,,,,,,,,3.7429678467588827,-3.2037075730471334,0.0,0.0,0.0,,,,0.0,0.0,0.0,0.0,0.0,0.0,1.0
2025-08-22 14:43:51.800,-1.17,0.06,0.0,0.0,0.0,0.1088,0.994,,,,,,,,3.7429678467588827,-3.2037075730471334,0.0,0.0,0.0,0.0,0.0,-0.16,0.0,0.0,0.0,0.0,0.0,0.0,1.0
2025-08-22 14:43:51.900,-1.17,0.06,0.0,0.0,0.0,0.1088,0.994,3.8405316138223875,-3.0517110195053667,0.0,0.0,0.0,-0.5211781165029046,0.8534479309708852,3.742967315823823,-3.2037063248830964,0.0,0.0,-0.15999999999315054,0.0,0.0,-0.32,0.0,0.0,0.0,0.0,0.0,0.0,1.0
2025-08-22 14:43:52.000,-1.17,0.06,0.0,0.0,0.0,0.1088,0.994,3.8405316138223875,-3.0517110195053667,0.0,0.0,0.0,-0.5211781165029046,0.8534479309708852,3.742966235550973,-3.2037036854922802,-1.9539925233402755e-12,0.0,-0.5384615384622927,0.0,0.0,-0.5384615384615381,0.0,0.0,0.0,0.0,0.0,0.0,1.0
2025-08-22 14:43:52.100,-1.17,0.06,0.0,0.0,0.0,0.1088,0.994,,,,,,,,3.742966235550939,-3.20370368549217,-1.7763568394002505e-12,0.0,-0.5384615384610548,0.0,0.0,-0.5384615384615381,0.0,0.0,0.0,0.0,0.0,0.0,1.0
2025-08-22 14:43:52.200,-1.17,0.06,0.0,0.0,0.0,0.1088,0.994,,,,,,,,3.7429658232292815,-3.2037024468862487,-3.907985046680551e-12,0.0,-0.6984615384665842,0.0,0.0,-0.8584615384615382,0.0,0.0,0.0,0.0,0.0,0.0,1.0
2025-08-22 14:43:52.300,-1.17,0.06,0.0,0.0,0.0,0.1088,0.994,,,,,,,,3.742965125161023,-3.2036999522249956,-8.621510669826193e-05,0.0,-0.9972277733828367,0.0,0.0,-1.0,0.0,0.0,0.0,0.0,0.0,0.0,1.0
2025-08-22 14:43:52.400,-1.17,0.06,0.0,0.0,0.0,0.1088,0.994,3.8423060323571367,-3.0463339408373145,0.0,0.0,0.0,-0.6123819721537537,0.7905620280414936,3.742965125160953,-3.2036999522246674,-5.6843418860808015e-12,0.0,-0.9487179487161536,0.0,0.0,-0.9487179487179487,0.0,0.0,0.0,0.0,0.0,0.0,1.0
2025-08-22 14:43:52.500,-1.17,0.06,0.0,0.0,0.0,0.1088,0.994,3.8423060323571367,-3.0463339408373145,0.0,0.0,0.0,-0.6123819721537537,0.7905620280414936,3.742965125160912,-3.2036999522244183,-3.730349362740526e-12,0.0,-0.8974358974305525,0.0,0.0,-0.8974358974358974,0.0,0.0,0.0,0.0,0.0,0.0,1.0
2025-08-22 14:43:52.600,-1.17,0.06,0.0,0.0,0.0,0.1088,0.994,,,,,,,,3.7429651251608864,-3.2036999522241767,-3.730349362740526e-12,0.0,-0.8461538461585683,0.0,0.0,-0.846153846153846,0.0,0.0,0.0,0.0,0.0,0.0,1.0
2025-08-22 14:43:52.700,-1.17,0.06,0.0,0.0,0.0,0.1088,0.994,,,,,,,,3.7429651251608833,-3.203699952223953,-3.730349362740526e-12,0.0,-0.8461538461585683,0.0,0.0,-0.846153846153846,0.0,0.0,0.0,0.0,0.0,0.0,1.0
2025-08-22 14:43:52.800,-1.17,0.06,0.0,0.0,0.0,0.1088,0.994,,,,,,,,3.7429651251608824,-3.2036999522237877,-3.730349362740526e-12,0.0,-0.7948717948618264,0.0,0.0,-0.7948717948717947,0.0,0.0,0.0,0.0,0.0,0.0,1.0
2025-08-22 14:43:52.900,-1.17,0.06,0.0,0.0,0.0,0.1088,0.994,,,,,,,,3.742965125160893,-3.2036999522235976,-3.730349362740526e-12,0.0,-0.7435897435873664,0.0,0.0,-0.7435897435897434,0.0,0.0,0.0,0.0,0.0,0.0,1.0
2025-08-22 14:43:53.000,-1.17,0.06,0.0,0.0,0.0,0.1088,0.994,3.84598611018472,-3.0429784361574135,0.0,0.0,0.0,-0.7069964668934153,0.7072170782724551,3.7429651251609077,-3.2036999522234484,-3.730349362740526e-12,0.0,-0.7435897435898421,0.0,0.0,-0.7435897435897434,0.0,0.0,0.0,0.0,0.0,0.0,1.0
2025-08-22 14:43:53.100,-1.17,0.06,0.0,0.0,0.0,0.1088,0.994,3.84598611018472,-3.0429784361574135,0.0,0.0,0.0,-0.7069964668934153,0.7072170782724551,3.742965125160916,-3.203699952223384,-1.7763568394002505e-12,0.0,-0.6923076923042412,0.0,0.0,-0.6923076923076921,0.0,0.0,0.0,0.0,0.0,0.0,1.0
2025-08-22 14:43:53.200,-1.17,0.06,0.0,0.0,0.0,0.1088,0.994,,,,,,,,3.7429654077200514,-3.2036983498666043,-3.907985046680551e-12,0.0,-0.8523076923097704,0.0,0.0,-1.0,0.0,0.0,0.0,0.0,0.0,0.0,1.0
2025-08-22 14:43:53.300,-1.17,0.06,0.0,0.0,0.0,0.1088,0.994,,,,,,,,3.742965733366261,-3.2036966940270393,-7.460698725481052e-12,0.0,-1.0000000000029925,0.0,0.0,-1.0,0.0,0.0,0.0,0.0,0.0,0.0,1.0
2025-08-22 14:43:53.400,-1.17,0.06,0.0,0.0,0.0,0.1088,0.994,,,,,,,,3.7429657333663853,-3.2036966940266143,-7.460698725481052e-12,0.0,-1.0000000000029925,0.0,0.0,-1.0,0.0,0.0,0.0,0.0,0.0,0.0,1.0
2025-08-22 14:43:53.500,-1.17,0.06,0.0,0.0,0.0,0.1088,0.994,3.8489899783687327,-3.019145887861255,0.0,0.0,0.0,-0.795854807133619,0.6054875109878899,3.7429657333665345,-3.203696694026192,-7.283063041541027e-12,0.0,-1.0000000000017546,0.0,0.0,-1.0,0.0,0.0,0.0,0.0,0.0,0.0,1.0
2025-08-22 14:43:53.600,-1.17,0.06,0.0,0.0,0.0,0.1088,0.994,3.8489899783687327,-3.019145887861255,0.0,0.0,0.0,-0.795854807133619,0.6054875109878899,3.742965733366708,-3.2036966940257714,-7.638334409421077e-12,0.0,-1.0000000000017546,0.0,0.0,-1.0,0.0,0.0,0.0,0.0,0.0,0.0,1.0
2025-08-22 14:43:53.700,-1.17,0.06,0.0,0.0,0.0,0.1088,0.994,,,,,,,,3.7429657333669053,-3.203696694025373,-7.460698725481052e-12,0.0,-1.0000000000005167,0.0,0.0,-1.0,0.0,0.0,0.0,0.0,0.0,0.0,1.0
2025-08-22 14:43:53.800,-1.17,0.06,0.0,0.0,0.0,0.1088,0.994,3.850915833853183,-3.0204331836755256,0.0,0.0,0.0,-0.8524113852630265,0.5228717149301234,3.7429657333672095,-3.2036966940248504,-7.460698725481052e-12,0.0,-1.0000000000005165,0.0,0.0,-1.0,0.0,0.0,0.0,0.0,0.0,0.0,1.0
2025-08-22 14:43:53.900,-1.17,0.06,0.0,0.0,0.0,0.1088,0.994,3.850915833853183,-3.0204331836755256,0.0,0.0,0.0,-0.8524113852630265,0.5228717149301234,3.742965733367464,-3.203696694024482,-7.638334409421077e-12,0.0,-1.0000000000017546,0.0,0.0,-1.0,0.0,0.0,0.0,0.0,0.0,0.0,1.0
2025-08-22 14:43:54.000,-1.17,0.06,0.0,0.0,0.0,0.1088,0.994,,,,,,,,3.7429657333677406,-3.2036966940241243,-7.460698725481052e-12,0.0,-1.0000000000005165,0.0,0.0,-1.0,0.0,0.0,0.0,0.0,0.0,0.0,1.0
2025-08-22 14:43:54.100,-1.17,0.06,0.0,0.0,0.0,0.1088,0.994,3.827702870156235,-2.9774068661578936,0.0,0.0,0.0,-0.8997996783912394,0.43630326467609903,3.742965733368037,-3.203696694023787,-7.460698725481052e-12,0.0,-1.0000000000029925,0.0,0.0,-1.0,0.0,0.0,0.0,0.0,0.0,0.0,1.0
2025-08-22 14:43:54.200,-1.17,0.06,0.0,0.0,0.0,0.1088,0.994,3.827702870156235,-2.9774068661578936,0.0,0.0,0.0,-0.8997996783912394,0.43630326467609903,3.742965733368351,-3.203696694023467,-7.460698725481052e-12,0.0,-1.0000000000029925,0.0,0.0,-1.0,0.0,0.0,0.0,0.0,0.0,0.0,1.0
2025-08-22 14:43:54.300,-1.17,0.06,0.0,0.0,0.0,0.1088,0.994,,,,,,,,3.7429657333688,-3.2036966940230713,-7.283063041541027e-12,0.0,-1.0000000000017546,0.0,0.0,-1.0,0.0,0.0,0.0,0.0,0.0,0.0,1.0
2025-08-22 14:43:54.400,-1.17,0.06,0.0,0.0,0.0,0.1088,0.994,3.8141940361274793,-2.9772511023263424,0.0,0.0,0.0,-0.939984221261331,0.34121791245438626,3.742965733369162,-3.2036966940227964,-7.460698725481052e-12,0.0,-1.0000000000029925,0.0,0.0,-1.0,0.0,0.0,0.0,0.0,0.0,0.0,1.0
2025-08-22 14:43:54.500,-1.17,0.06,0.0,0.0,0.0,0.1088,0.994,3.8141940361274793,-2.9772511023263424,0.0,0.0,0.0,-0.939984221261331,0.34121791245438626,3.742965733369533,-3.2036966940225438,-7.638334409421077e-12,0.0,-1.0000000000017546,0.0,0.0,-1.0,0.0,0.0,0.0,0.0,0.0,0.0,1.0
2025-08-22 14:43:54.600,-1.17,0.06,0.0,0.0,0.0,0.1088,0.994,,,,,,,,3.7423690527101514,-3.2040340515650696,0.030747368348649218,0.0,-0.9999999999844242,0.031578947368421054,0.0,-1.0,0.0,0.0,0.0,0.0,0.0,0.0,1.0
2025-08-22 14:43:54.700,-1.17,0.06,0.0,0.0,0.0,0.1088,0.994,,,,,,,,3.7402354689889714,-3.205111855691702,0.05807894721616691,0.0,-0.9999999999571909,0.06315789473684211,0.0,-1.0,0.0,0.0,0.0,0.0,0.0,0.0,1.0
2025-08-22 14:43:54.800,-1.17,0.06,0.0,0.0,0.0,0.1088,0.994,,,,,,,,3.736997007170732,-3.2065324468129432,0.04736842104602346,0.0,-1.000000000016609,0.04736842105263158,0.0,-1.0,0.0,0.0,0.0,0.0,0.0,0.0,1.0
2025-08-22 14:43:54.900,-1.17,0.06,0.0,0.0,0.0,0.1088,0.994,3.7929298349948297,-2.9705763537863343,0.0,0.0,0.0,-0.9798736673834795,0.19961862630639,3.734184524057903,-3.2075609307222583,0.05986842090042188,0.0,-0.9999999999571907,0.2526315789473684,0.0,-1.0,0.0,0.0,0.0,0.0,0.0,0.0,1.0
2025-08-22 14:43:55.000,-1.17,0.06,0.0,0.0,0.0,0.1088,0.994,3.7929298349948297,-2.9705763537863343,0.0,0.0,0.0,-0.9798736673834795,0.19961862630639,3.728728701938293,-3.2091810147112834,0.11986842090045968,0.0,-0.9999999999757592,0.2210526315789473,0.0,-1.0,0.0,0.0,0.0,0.0,0.0,0.0,1.0
2025-08-22 14:43:55.100,-1.17,0.06,0.0,0.0,0.0,0.1088,0.994,,,,,,,,3.719682371761013,-3.2112979828922597,0.17986842090031985,0.0,-0.9999999999930893,0.18947368421052627,0.0,-1.0,0.0,0.0,0.0,0.0,0.0,0.0,1.0
2025-08-22 14:43:55.200,-1.17,0.06,0.0,0.0,0.0,0.1088,0.994,,,,,,,,3.7086963409671165,-3.213208924712227,0.17368421053767236,0.0,-1.0000000000227982,0.17368421052631575,0.0,-1.0,0.0,0.0,0.0,0.0,0.0,0.0,1.0
2025-08-22 14:43:55.300,-1.17,0.06,0.0,0.0,0.0,0.1088,0.994,3.7661335832665928,-2.9995732447729124,0.0,0.0,0.0,-0.9949179103642142,0.10068938194519599,3.7016488003358012,-3.214069502508664,0.18618421037412958,0.0,-0.999999999994327,0.23684210526315783,0.0,-1.0,0.0,0.0,0.0,0.0,0.0,0.0,1.0
2025-08-22 14:43:55.400,-1.17,0.06,0.0,0.0,0.0,0.1088,0.994,3.7661335832665928,-2.9995732447729124,0.0,0.0,0.0,-0.9949179103642142,0.10068938194519599,3.6884126485360804,-3.215003642269429,0.24618421037398974,0.0,-1.0000000000116576,0.2842105263157894,0.0,-1.0,0.0,0.0,0.0,0.0,0.0,0.0,1.0
2025-08-22 14:43:55.500,-1.17,0.06,0.0,0.0,0.0,0.1088,0.994,,,,,,,,3.672906707954471,-3.2151906360596074,0.25263157894066524,0.0,-1.000000000079741,0.2526315789473684,0.0,-1.0,0.0,0.0,0.0,0.0,0.0,0.0,1.0
2025-08-22 14:43:55.600,-1.17,0.06,0.0,0.0,0.0,0.1088,0.994,3.725848209633117,-3.0280685568176486,0.0,0.0,0.0,-0.9999987432937727,0.001585374049022823,3.658336039391363,-3.214494819677991,0.23684210525622973,0.0,-1.0000000000673621,0.23684210526315783,0.0,-1.0,0.0,0.0,0.0,0.0,0.0,0.0,1.0
2025-08-22 14:43:55.700,-1.17,0.06,0.0,0.0,0.0,0.1088,0.994,3.725848209633117,-3.0280685568176486,0.0,0.0,0.0,-0.9999987432937727,0.001585374049022823,3.64414530739116,-3.212951827726075,0.24334210511103294,0.0,-1.0000000000116576,0.2684210526315789,0.0,-1.0,0.0,0.0,0.0,0.0,0.0,0.0,1.0
2025-08-22 14:43:55.800,-1.17,0.06,0.0,0.0,0.0,0.1088,0.994,,,,,,,,3.623216719069093,-3.209175853961465,0.2684210526268771,0.0,-1.0000000000797407,0.2684210526315789,0.0,-1.0,0.0,0.0,0.0,0.0,0.0,0.0,1.0
2025-08-22 14:43:55.900,-1.17,0.06,0.0,0.0,0.0,0.1088,0.994,3.680751831834269,-3.019548509140491,0.0,0.0,0.0,0.9950945954329933,0.09892798461531158,3.607201888359965,-3.2051104625949676,0.2842105263097139,0.0,-1.0000000000809788,0.2842105263157894,0.0,-1.0,0.0,0.0,0.0,0.0,0.0,0.0,1.0
2025-08-22 14:43:56.000,-1.17,0.06,0.0,0.0,0.0,0.1088,0.994,3.680751831834269,-3.019548509140491,0.0,0.0,0.0,0.9950945954329933,0.09892798461531158,3.590955121859558,-3.1999386549002717,0.2842105263097139,0.0,-1.0000000000809786,0.2842105263157894,0.0,-1.0,0.0,0.0,0.0,0.0,0.0,0.0,1.0
2025-08-22 14:43:56.100,-1.17,0.06,0.0,0.0,0.0,0.1088,0.994,,,,,,,,3.574702501001826,-3.193661664652207,0.2999999999941494,0.0,-1.000000000093357,0.29999999999999993,0.0,-1.0,0.0,0.0,0.0,0.0,0.0,0.0,1.0
2025-08-22 14:43:56.200,-1.17,0.06,0.0,0.0,0.0,0.1088,0.994,3.634089724269275,-3.013019567718586,0.0,0.0,0.0,0.9787491713286988,0.2050611119237031,3.5585574467440146,-3.1862987317525855,0.28421052630953625,0.0,-1.0000000000846923,0.2842105263157894,0.0,-1.0,0.0,0.0,0.0,0.0,0.0,0.0,1.0
2025-08-22 14:43:56.300,-1.17,0.06,0.0,0.0,0.0,0.1088,0.994,3.634089724269275,-3.013019567718586,0.0,0.0,0.0,0.9787491713286988,0.2050611119237031,3.543499074519928,-3.178301829695495,0.2842105263097139,0.0,-1.000000000078503,0.2842105263157894,0.0,-1.0,0.0,0.0,0.0,0.0,0.0,0.0,1.0
2025-08-22 14:43:56.400,-1.17,0.06,0.0,0.0,0.0,0.1088,0.994,,,,,,,,3.5288919158075545,-3.16938050031633,0.29071052616380655,0.0,-1.0000000000252742,0.29999999999999993,0.0,-1.0,0.0,0.0,0.0,0.0,0.0,0.0,1.0
2025-08-22 14:43:56.500,-1.17,0.06,0.0,0.0,0.0,0.1088,0.994,,,,,,,,3.5141294473702005,-3.159102226101521,0.2999999999941494,0.0,-1.0000000000933573,0.29999999999999993,0.0,-1.0,0.0,0.0,0.0,0.0,0.0,0.0,1.0
2025-08-22 14:43:56.600,-1.17,0.06,0.0,0.0,0.0,0.1088,0.994,3.5664638810805918,-2.9524051906007887,0.0,0.0,0.0,0.95454252365286,0.29807477340162347,3.500197331552209,-3.1481126079686486,0.2842105263097139,0.0,-1.0000000000809788,0.2842105263157894,0.0,-1.0,0.0,0.0,0.0,0.0,0.0,0.0,1.0
2025-08-22 14:43:56.700,-1.17,0.06,0.0,0.0,0.0,0.1088,0.994,3.5664638810805918,-2.9524051906007887,0.0,0.0,0.0,0.95454252365286,0.29807477340162347,3.4830573786208134,-3.132503753312462,0.2999999999941494,0.0,-1.0000000000933573,0.29999999999999993,0.0,-1.0,0.0,0.0,0.0,0.0,0.0,0.0,1.0
2025-08-22 14:43:56.800,-1.17,0.06,0.0,0.0,0.0,0.1088,0.994,,,,,,,,3.4706184794896804,-3.1194967464073615,0.2999999999941494,0.0,-0.9487179487941398,0.29999999999999993,0.0,-0.9487179487179487,0.0,0.0,0.0,0.0,0.0,0.0,1.0
2025-08-22 14:43:56.900,-1.17,0.06,0.0,0.0,0.0,0.1088,0.994,,,,,,,,3.4589503943069047,-3.1057940905876094,0.2999999999941494,0.0,-1.0000000000933573,0.29999999999999993,0.0,-1.0,0.0,0.0,0.0,0.0,0.0,0.0,1.0
2025-08-22 14:43:57.000,-1.17,0.06,0.0,0.0,0.0,0.1088,0.994,3.5149843413405577,-2.9272078486961046,0.0,0.0,0.0,0.8963411680082344,0.44336498568745153,3.4481205630612637,-3.0914198926328913,0.2999999999941494,0.0,-1.0000000000933575,0.29999999999999993,0.0,-1.0,0.0,0.0,0.0,0.0,0.0,0.0,1.0
2025-08-22 14:43:57.100,-1.17,0.06,0.0,0.0,0.0,0.1088,0.994,3.5149843413405577,-2.9272078486961046,0.0,0.0,0.0,0.8963411680082344,0.44336498568745153,3.438168384547115,-3.076422780086936,0.29999999999343885,0.0,-0.8400000005928829,0.29999999999999993,0.0,-0.7948717948717947,0.0,0.0,0.0,0.0,0.0,0.0,1.0
2025-08-22 14:43:57.200,-1.17,0.06,0.0,0.0,0.0,0.1088,0.994,,,,,,,,3.428992023889673,-3.0609373256296184,0.29999999999787974,0.0,-0.6348717949318076,0.29999999999999993,0.0,-0.5897435897435894,0.0,0.0,0.0,0.0,0.0,0.0,1.0
2025-08-22 14:43:57.300,-1.17,0.06,0.0,0.0,0.0,0.1088,0.994,,,,,,,,3.4204098988493583,-3.045116036816765,0.2999999999977021,0.0,-0.589743589786268,0.29999999999999993,0.0,-0.5897435897435894,0.0,0.0,0.0,0.0,0.0,0.0,1.0
2025-08-22 14:43:57.400,-1.17,0.06,0.0,0.0,0.0,0.1088,0.994,,,,,,,,3.4124888392798,-3.02920015952743,0.2842105263287209,0.0,-0.5897435897676997,0.2842105263157894,0.0,-0.5897435897435894,0.0,0.0,0.0,0.0,0.0,0.0,1.0
2025-08-22 14:43:57.500,-1.17,0.06,0.0,0.0,0.0,0.1088,0.994,,,,,,,,3.407699826421158,-3.0188172197633194,0.2907105261671816,0.0,-0.5384615388831718,0.29999999999999993,0.0,-0.5384615384615381,0.0,0.0,0.0,0.0,0.0,0.0,1.0
2025-08-22 14:43:57.600,-1.17,0.06,0.0,0.0,0.0,0.1088,0.994,,,,,,,,3.4006156395587883,-3.0022806975113774,0.2999999999980574,0.0,-0.5384615385142836,0.29999999999999993,0.0,-0.5384615384615381,0.0,0.0,0.0,0.0,0.0,0.0,1.0
2025-08-22 14:43:57.700,-1.17,0.06,0.0,0.0,0.0,0.1088,0.994,3.4383924465870863,-2.792265302985304,0.0,0.0,0.0,0.8451251941459599,0.5345684298756836,3.3942498203484863,-2.986019868979676,0.2842105263152206,0.0,-0.4871794872163039,0.2842105263157894,0.0,-0.48717948717948684,0.0,0.0,0.0,0.0,0.0,0.0,1.0
2025-08-22 14:43:57.800,-1.17,0.06,0.0,0.0,0.0,0.1088,0.994,3.4383924465870863,-2.792265302985304,0.0,0.0,0.0,0.8451251941459599,0.5345684298756836,3.388350016858758,-2.96954046512262,0.2999999999996561,0.0,-0.43589743593194086,0.29999999999999993,0.0,-0.43589743589743557,0.0,0.0,0.0,0.0,0.0,0.0,1.0
2025-08-22 14:43:57.900,-1.17,0.06,0.0,0.0,0.0,0.1088,0.994,,,,,,,,3.382739507746884,-2.9524378141264305,0.29999999999787974,0.0,-0.4871794872163039,0.29999999999999993,0.0,-0.48717948717948684,0.0,0.0,0.0,0.0,0.0,0.0,1.0
2025-08-22 14:43:58.000,-1.17,0.06,0.0,0.0,0.0,0.1088,0.994,,,,,,,,3.377687762611183,-2.935392328811438,0.2842105263317407,0.0,-0.4871794871754539,0.2842105263157894,0.0,-0.48717948717948684,0.0,0.0,0.0,0.0,0.0,0.0,1.0
2025-08-22 14:43:58.100,-1.17,0.06,0.0,0.0,0.0,0.1088,0.994,,,,,,,,3.373286814344246,-2.9187793089570206,0.29568947354032815,0.0,-0.33333333330503434,0.29999999999999993,0.0,-0.33333333333333304,0.0,0.0,0.0,0.0,0.0,0.0,1.0
2025-08-22 14:43:58.200,-1.17,0.06,0.0,0.0,0.0,0.1088,0.994,,,,,,,,3.369118876028444,-2.901496101581615,0.28421052633333943,0.0,-0.28205128219273645,0.2842105263157894,0.0,-0.28205128205128177,0.0,0.0,0.0,0.0,0.0,0.0,1.0
2025-08-22 14:43:58.300,-1.17,0.06,0.0,0.0,0.0,0.1088,0.994,,,,,,,,3.3642482007349486,-2.8792875766957158,0.28421052631504296,0.0,-0.28205128207513785,0.2842105263157894,0.0,-0.28205128205128177,0.0,0.0,0.0,0.0,0.0,0.0,1.0
2025-08-22 14:43:58.400,-1.17,0.06,0.0,0.0,0.0,0.1088,0.994,,,,,,,,3.3608508660413072,-2.8621808193817557,0.2999999999977021,0.0,-0.28205128207513785,0.29999999999999993,0.0,-0.28205128205128177,0.0,0.0,0.0,0.0,0.0,0.0,1.0
2025-08-22 14:43:58.500,-1.17,0.06,0.0,0.0,0.0,0.1088,0.994,,,,,,,,3.3577272854582283,-2.8449513546181646,0.2842105263152206,0.0,-0.2820512820739,0.2842105263157894,0.0,-0.28205128205128177,0.0,0.0,0.0,0.0,0.0,0.0,1.0
2025-08-22 14:43:58.600,-1.17,0.06,0.0,0.0,0.0,0.1088,0.994,,,,,,,,3.3549405604631204,-2.82794253186851,0.2980263156898033,0.0,-0.23076923074868688,0.29999999999999993,0.0,-0.2307692307692305,0.0,0.0,0.0,0.0,0.0,0.0,1.0
2025-08-22 14:43:58.700,-1.17,0.06,0.0,0.0,0.0,0.1088,0.994,3.373138383115425,-2.612971505212809,0.0,0.0,0.0,0.7874635827363032,0.6163611813410261,3.3514587882562172,-2.8041967764009663,0.29999999999983373,0.0,-0.2307692307907748,0.29999999999999993,0.0,-0.2307692307692305,0.0,0.0,0.0,0.0,0.0,0.0,1.0
2025-08-22 14:43:58.800,-1.17,0.06,0.0,0.0,0.0,0.1088,0.994,3.373138383115425,-2.612971505212809,0.0,0.0,0.0,0.7874635827363032,0.6163611813410261,3.3492072691981263,-2.786911356844992,0.28421052631699695,0.0,-0.23076923078953696,0.2842105263157894,0.0,-0.2307692307692305,0.0,0.0,0.0,0.0,0.0,0.0,1.0
2025-08-22 14:43:58.900,-1.17,0.06,0.0,0.0,0.0,0.1088,0.994,,,,,,,,3.3471955009069636,-2.76957096351684,0.29999999999983373,0.0,-0.2307692307907748,0.29999999999999993,0.0,-0.2307692307692305,0.0,0.0,0.0,0.0,0.0,0.0,1.0
2025-08-22 14:43:59.000,-1.17,0.06,0.0,0.0,0.0,0.1088,0.994,,,,,,,,3.3453672899696243,-2.7516641919353497,0.29999999999983373,0.0,-0.23076923078829906,0.29999999999999993,0.0,-0.2307692307692305,0.0,0.0,0.0,0.0,0.0,0.0,1.0
2025-08-22 14:43:59.100,-1.17,0.06,0.0,0.0,0.0,0.1088,0.994,,,,,,,,3.34383975620121,-2.734347363287608,0.2842105263171746,0.0,-0.2307692307907748,0.2842105263157894,0.0,-0.2307692307692305,0.0,0.0,0.0,0.0,0.0,0.0,1.0
2025-08-22 14:43:59.200,-1.17,0.06,0.0,0.0,0.0,0.1088,0.994,,,,,,,,3.3425381285776266,-2.716907552567219,0.2999999999996561,0.0,-0.17948717949031934,0.29999999999999993,0.0,-0.17948717948717924,0.0,0.0,0.0,0.0,0.0,0.0,1.0
2025-08-22 14:43:59.300,-1.17,0.06,0.0,0.0,0.0,0.1088,0.994,,,,,,,,3.3417546885784124,-2.7049331797974476,0.29999999999983373,0.0,-0.1794871794915572,0.29999999999999993,0.0,-0.17948717948717924,0.0,0.0,0.0,0.0,0.0,0.0,1.0
2025-08-22 14:43:59.400,-1.17,0.06,0.0,0.0,0.0,0.1088,0.994,,,,,,,,3.3407706611352475,-2.687513667707216,0.2842105263152206,0.0,-0.17948717950517384,0.2842105263157894,0.0,-0.17948717948717924,0.0,0.0,0.0,0.0,0.0,0.0,1.0
2025-08-22 14:43:59.500,-1.17,0.06,0.0,0.0,0.0,0.1088,0.994,,,,,,,,3.3402287030747857,-2.6760801087699586,0.2917105261692754,0.0,-0.17948717944451772,0.29999999999999993,0.0,-0.17948717948717924,0.0,0.0,0.0,0.0,0.0,0.0,1.0
2025-08-22 14:43:59.600,-1.17,0.06,0.0,0.0,0.0,0.1088,0.994,,,,,,,,3.3395377267832265,-2.65809883546712,0.29999999999947846,0.0,-0.1794871794915572,0.29999999999999993,0.0,-0.17948717948717924,0.0,0.0,0.0,0.0,0.0,0.0,1.0
2025-08-22 14:43:59.700,-1.17,0.06,0.0,0.0,0.0,0.1088,0.994,,,,,,,,3.3391899920768076,-2.6463882271931576,0.2842105263152206,0.0,-0.12820512820595623,0.2842105263157894,0.0,-0.12820512820512797,0.0,0.0,0.0,0.0,0.0,0.0,1.0
2025-08-22 14:43:59.800,-1.17,0.06,0.0,0.0,0.0,0.1088,0.994,,,,,,,,3.3387731199693675,-2.628921172721587,0.2999999999996561,0.0,-0.025641025649608816,0.29999999999999993,0.0,-0.02564102564102541,0.0,0.0,0.0,0.0,0.0,0.0,1.0
2025-08-22 14:43:59.900,-1.17,0.06,0.0,0.0,0.0,0.1088,0.994,,,,,,,,3.338381649863954,-2.610925431912486,0.29999999999983373,0.0,-0.02564102564837094,0.29999999999999993,0.0,-0.02564102564102541,0.0,0.0,0.0,0.0,0.0,0.0,1.0
2025-08-22 14:44:00.000,-1.17,0.06,0.0,0.0,0.0,0.1088,0.994,,,,,,,,3.3380275763885128,-2.5934184874779214,0.2842105263152206,0.0,-0.025641025634754268,0.2842105263157894,0.0,-0.02564102564102541,0.0,0.0,0.0,0.0,0.0,0.0,1.0
2025-08-22 14:44:00.100,-1.17,0.06,0.0,0.0,0.0,0.1088,0.994,,,,,,,,3.3376014107144347,-2.570265571255554,0.2999999999996561,0.0,-0.025641025649608823,0.29999999999999993,0.0,-0.02564102564102541,0.0,0.0,0.0,0.0,0.0,0.0,1.0
2025-08-22 14:44:00.200,-1.17,0.06,0.0,0.0,0.0,0.1088,0.994,3.32064136391777,-2.351820776147597,0.0,0.0,0.0,0.7552890102762101,0.6553918758696838,3.337309922186329,-2.552741681301231,0.2842105263153982,0.0,-0.02564102563599215,0.2842105263157894,0.0,-0.02564102564102541,0.0,0.0,0.0,0.0,0.0,0.0,1.0
2025-08-22 14:44:00.300,-1.17,0.06,0.0,0.0,0.0,0.1088,0.994,3.32064136391777,-2.351820776147597,0.0,0.0,0.0,0.7552890102762101,0.6553918758696838,3.3370527204806155,-2.535690991177278,0.2842105263152206,0.0,-0.025641025634754268,0.2842105263157894,0.0,-0.02564102564102541,0.0,0.0,0.0,0.0,0.0,0.0,1.0
2025-08-22 14:44:00.400,-1.17,0.06,0.0,0.0,0.0,0.1088,0.994,,,,,,,,3.3368164501115944,-2.5182357497798735,0.2999999999996561,0.0,-0.025641025649608823,0.29999999999999993,0.0,-0.02564102564102541,0.0,0.0,0.0,0.0,0.0,0.0,1.0
2025-08-22 14:44:00.500,-1.17,0.06,0.0,0.0,0.0,0.1088,0.994,,,,,,,,3.3365402636118136,-2.4947584309727517,0.2842105263152206,0.0,-0.025641025634754268,0.2842105263157894,0.0,-0.02564102564102541,0.0,0.0,0.0,0.0,0.0,0.0,1.0
2025-08-22 14:44:00.600,-1.17,0.06,0.0,0.0,0.0,0.1088,0.994,,,,,,,,3.336375669676265,-2.4782434633101955,0.2684210526307851,0.0,-0.025641025649608823,0.2684210526315789,0.0,-0.02564102564102541,0.0,0.0,0.0,0.0,0.0,0.0,1.0
2025-08-22 14:44:00.700,-1.17,0.06,0.0,0.0,0.0,0.1088,0.994,,,,,,,,3.3362351677634074,-2.4615164761112425,0.29815263148265103,0.0,-0.025641025605045165,0.29999999999999993,0.0,-0.02564102564102541,0.0,0.0,0.0,0.0,0.0,0.0,1.0
2025-08-22 14:44:00.800,-1.17,0.06,0.0,0.0,0.0,0.1088,0.994,,,,,,,,3.3361147635961816,-2.4440379451759067,0.2842105263153982,0.0,-0.02564102563599215,0.2842105263157894,0.0,-0.02564102564102541,0.0,0.0,0.0,0.0,0.0,0.0,1.0
2025-08-22 14:44:00.900,-1.17,0.06,0.0,0.0,0.0,0.1088,0.994,,,,,,,,3.336023213479374,-2.4268805595518246,0.2937105261697326,0.0,-0.02564102558276334,0.29999999999999993,0.0,-0.02564102564102541,0.0,0.0,0.0,0.0,0.0,0.0,1.0
2025-08-22 14:44:01.000,-1.17,0.06,0.0,0.0,0.0,0.1088,0.994,,,,,,,,3.3359381389998513,-2.40288150402278,0.2999999999996561,0.0,-0.025641025649608823,0.29999999999999993,0.0,-0.02564102564102541,0.0,0.0,0.0,0.0,0.0,0.0,1.0
2025-08-22 14:44:01.100,-1.17,0.06,0.0,0.0,0.0,0.1088,0.994,,,,,,,,3.335907457877896,-2.385449953800694,0.2842105263153982,0.0,-0.02564102563599215,0.2842105263157894,0.0,-0.02564102564102541,0.0,0.0,0.0,0.0,0.0,0.0,1.0
2025-08-22 14:44:01.200,-1.17,0.06,0.0,0.0,0.0,0.1088,0.994,,,,,,,,3.335903934237631,-2.367961534832476,0.2999999999996561,0.0,-0.025641025649608823,0.29999999999999993,0.0,-0.02564102564102541,0.0,0.0,0.0,0.0,0.0,0.0,1.0
2025-08-22 14:44:01.300,-1.17,0.06,0.0,0.0,0.0,0.1088,0.994,,,,,,,,3.335926907439233,-2.3505141832607466,0.2842105263153982,0.0,-0.02564102563599215,0.2842105263157894,0.0,-0.02564102564102541,0.0,0.0,0.0,0.0,0.0,0.0,1.0
2025-08-22 14:44:01.400,-1.17,0.06,0.0,0.0,0.0,0.1088,0.994,,,,,,,,3.335975768758142,-2.3334616233647814,0.2842105263152206,0.0,-0.025641025634754268,0.2842105263157894,0.0,-0.02564102564102541,0.0,0.0,0.0,0.0,0.0,0.0,1.0
2025-08-22 14:44:01.500,-1.17,0.06,0.0,0.0,0.0,0.1088,0.994,,,,,,,,3.3360838083766935,-2.3103366166744608,0.2999999999996561,0.0,-0.025641025649608816,0.29999999999999993,0.0,-0.02564102564102541,0.0,0.0,0.0,0.0,0.0,0.0,1.0
2025-08-22 14:44:01.600,-1.17,0.06,0.0,0.0,0.0,0.1088,0.994,,,,,,,,3.3361963545815048,-2.2928738231757495,0.2842105263152206,0.0,-0.025641025637230024,0.2842105263157894,0.0,-0.02564102564102541,0.0,0.0,0.0,0.0,0.0,0.0,1.0
2025-08-22 14:44:01.700,-1.17,0.06,0.0,0.0,0.0,0.1088,0.994,3.3027773327653636,-2.1295271826592805,0.0,0.0,0.0,0.7398495955930222,0.6727723061339858,3.336331327808048,-2.275354343371968,0.29999999999983373,0.0,-1.2378793305925091e-12,0.29999999999999993,0.0,0.0,0.0,0.0,0.0,0.0,0.0,0.0,1.0
2025-08-22 14:44:01.800,-1.17,0.06,0.0,0.0,0.0,0.1088,0.994,3.3027773327653636,-2.1295271826592805,0.0,0.0,0.0,0.7398495955930222,0.6727723061339858,3.3364719792138504,-2.257354892903138,0.29999999999734683,0.0,-1.609243129770262e-11,0.29999999999999993,0.0,0.0,0.0,0.0,0.0,0.0,0.0,0.0,1.0
2025-08-22 14:44:01.900,-1.17,0.06,0.0,0.0,0.0,0.1088,0.994,,,,,,,,3.3365630270839057,-2.24550031611266,0.2854926948451464,0.0,0.11927010682719945,0.2842105263157894,0.0,0.12820512820512842,0.0,0.0,0.0,0.0,0.0,0.0,1.0
2025-08-22 14:44:02.000,-1.17,0.06,0.0,0.0,0.0,0.1088,0.994,,,,,,,,3.336610303839391,-2.228342792266353,0.29371052616955495,0.0,0.12820512827403957,0.29999999999999993,0.0,0.12820512820512842,0.0,0.0,0.0,0.0,0.0,0.0,1.0
2025-08-22 14:44:02.100,-1.17,0.06,0.0,0.0,0.0,0.1088,0.994,,,,,,,,3.3365666841015638,-2.2163436741710703,0.2999999999996561,0.0,0.1282051282208108,0.29999999999999993,0.0,0.12820512820512842,0.0,0.0,0.0,0.0,0.0,0.0,1.0
2025-08-22 14:44:02.200,-1.17,0.06,0.0,0.0,0.0,0.1088,0.994,,,,,,,,3.336393057790518,-2.198561589050531,0.28421052632108257,0.0,-0.02564102557162242,0.2842105263157894,0.0,-0.02564102564102541,0.0,0.0,0.0,0.0,0.0,0.0,1.0
2025-08-22 14:44:02.300,-1.17,0.06,0.0,0.0,0.0,0.1088,0.994,,,,,,,,3.336145492758854,-2.1753902840332593,0.2999999999996561,0.0,-0.025641025649608816,0.29999999999999993,0.0,-0.02564102564102541,0.0,0.0,0.0,0.0,0.0,0.0,1.0
2025-08-22 14:44:02.400,-1.17,0.06,0.0,0.0,0.0,0.1088,0.994,,,,,,,,3.3359679327214478,-2.1573907453842533,0.2999999999996561,0.0,0.0769230769215931,0.29999999999999993,0.0,0.07692307692307715,0.0,0.0,0.0,0.0,0.0,0.0,1.0
2025-08-22 14:44:02.500,-1.17,0.06,0.0,0.0,0.0,0.1088,0.994,,,,,,,,3.335725400529276,-2.1398819143098846,0.2842105263152206,0.0,0.0769230769339719,0.2842105263157894,0.0,0.07692307692307715,0.0,0.0,0.0,0.0,0.0,0.0,1.0
2025-08-22 14:44:02.600,-1.17,0.06,0.0,0.0,0.0,0.1088,0.994,,,,,,,,3.335278098572972,-2.116713637098669,0.2999999999996561,0.0,0.0769230769215931,0.29999999999999993,0.0,0.07692307692307715,0.0,0.0,0.0,0.0,0.0,0.0,1.0
2025-08-22 14:44:02.700,-1.17,0.06,0.0,0.0,0.0,0.1088,0.994,,,,,,,,3.334840256321702,-2.0989400975377297,0.2842105263351158,0.0,0.07692307695130222,0.2842105263157894,0.0,0.07692307692307715,0.0,0.0,0.0,0.0,0.0,0.0,1.0
2025-08-22 14:44:02.800,-1.17,0.06,0.0,0.0,0.0,0.1088,0.994,,,,,,,,3.3341730550203663,-2.0767027709772936,0.26842105263256144,0.0,0.0769230769339719,0.2684210526315789,0.0,0.07692307692307715,0.0,0.0,0.0,0.0,0.0,0.0,1.0
2025-08-22 14:44:02.900,-1.17,0.06,0.0,0.0,0.0,0.1088,0.994,,,,,,,,3.3333557877770033,-2.0541795240644865,0.2999999999996561,0.0,0.07692307692159313,0.29999999999999993,0.0,0.07692307692307715,0.0,0.0,0.0,0.0,0.0,0.0,1.0
2025-08-22 14:44:03.000,-1.17,0.06,0.0,0.0,0.0,0.1088,0.994,,,,,,,,3.332631810626291,-2.036763001454297,0.2842105263152206,0.0,0.0769230769339719,0.2842105263157894,0.0,0.07692307692307715,0.0,0.0,0.0,0.0,0.0,0.0,1.0
2025-08-22 14:44:03.100,-1.17,0.06,0.0,0.0,0.0,0.1088,0.994,3.2767868570416843,-1.8698200069775546,0.0,0.0,0.0,0.7611646274407476,0.6485587174134566,3.3318393794465737,-2.019623694352061,0.2937105261693773,0.0,0.07692307698843859,0.29999999999999993,0.0,0.07692307692307715,0.0,0.0,0.0,0.0,0.0,0.0,1.0
2025-08-22 14:44:03.200,-1.17,0.06,0.0,0.0,0.0,0.1088,0.994,,,,,,,,3.3306432225383604,-1.9962392866063317,0.2842105263152206,0.0,0.025641025634754268,0.2842105263157894,0.0,0.02564102564102587,0.0,0.0,0.0,0.0,0.0,0.0,1.0
2025-08-22 14:44:03.300,-1.17,0.06,0.0,0.0,0.0,0.1088,0.994,,,,,,,,3.3297309450492474,-1.9792110765942137,0.2842105263152206,0.0,0.025641025634754268,0.2842105263157894,0.0,0.02564102564102587,0.0,0.0,0.0,0.0,0.0,0.0,1.0
2025-08-22 14:44:03.400,-1.17,0.06,0.0,0.0,0.0,0.1088,0.994,,,,,,,,3.3284345751788136,-1.9558059023472056,0.29999999999983373,0.0,0.02564102564837094,,,,0.0,0.0,0.0,0.0,0.0,0.0,1.0
